macro_f1,mcc,acc,invalid,model,shots,format,time_s,gpu_mem_gb,score
0.3417,0.2387,0.3779,0.0113,Qwen/Qwen2.5-3B-Instruct,6,json,713.2,4.67,0.34057
0.2484,0.1783,0.3281,0.034,Qwen/Qwen2.5-3B-Instruct,3,word,382.0,4.22,0.245
0.2474,0.211,0.3268,0.0302,Qwen/Qwen2.5-3B-Instruct,3,json,511.3,4.23,0.24438000000000001
0.2385,0.1443,0.295,0.0151,Qwen/Qwen2.5-3B-Instruct,0,json,452.1,3.89,0.23698999999999998
0.2354,0.1524,0.2906,0.0,Qwen/Qwen2.5-1.5B-Instruct,6,json,432.9,2.71,0.2354
0.2032,0.1252,0.2776,0.0075,Qwen/Qwen2.5-3B-Instruct,0,word,298.1,2.42,0.20245
0.2006,0.1501,0.327,0.0075,Qwen/Qwen2.5-3B-Instruct,6,word,539.7,4.64,0.19985
0.1904,0.1361,0.2906,0.0,Qwen/Qwen2.5-1.5B-Instruct,6,word,297.1,2.69,0.1904
0.1749,0.1416,0.1744,0.0264,Qwen/Qwen2.5-1.5B-Instruct,3,word,217.8,2.37,0.17226
0.1446,0.1391,0.1585,0.0,Qwen/Qwen2.5-1.5B-Instruct,3,json,346.5,2.39,0.1446
0.148,0.0293,0.2455,0.1698,Qwen/Qwen2.5-0.5B-Instruct,6,word,237.1,1.52,0.13102
0.1339,-0.026,0.2018,0.1585,Qwen/Qwen2.5-0.5B-Instruct,0,word,143.1,1.42,0.11804999999999999
0.095,0.0253,0.0958,0.0151,Qwen/Qwen2.5-1.5B-Instruct,0,json,376.3,2.12,0.09349
0.0895,0.0391,0.0906,0.0,Qwen/Qwen2.5-0.5B-Instruct,3,json,256.4,1.19,0.0895
0.0833,0.0195,0.1174,0.0038,Qwen/Qwen2.5-0.5B-Instruct,6,json,315.5,1.55,0.08292
0.0848,0.0433,0.196,0.0566,Qwen/Qwen2.5-0.5B-Instruct,3,word,147.2,1.18,0.07914
0.0768,0.0035,0.2222,0.0151,Qwen/Qwen2.5-0.5B-Instruct,0,json,217.7,0.91,0.07529
0.0562,-0.0135,0.083,0.0,Qwen/Qwen2.5-1.5B-Instruct,0,word,152.3,2.88,0.0562
